,average_degree,average_clustering,transitivity,entropy,dead_ends,ways_4,nodes
0,2.2955158049497673,0.020773412471528137,0.03324415141815171,3.4816888033451963,0.3846170600887582,0.07932151705736612,183645
